Item,KW
6200219,2027-01
6260113,2027-01
6660181,2027-01
6660184,2027-01
7300021,2027-01
7310021,2027-01
7300131,2027-01
7310131,2027-01
7310133,2027-01
7300133,2027-01
7320133,2027-01
7360044,2027-01
7370044,2027-01
7700008,2027-01
7710008,2027-01
7720008,2027-01
7560093,2027-02
7570093,2027-02
6200262,2027-03
6660141,2027-03
7560092,2027-03
7570092,2027-03
7360042,2027-04
7370042,2027-04
6660185,2027-07
6660186,2027-07
7760019,2027-08
7770019,2027-08
5520022,2027-09
5510022,2027-09
5500022,2027-09
6200273,2027-09
7560090,2027-09
7570090,2027-09
6260116,2027-11
6260117,2027-11
7360043,2027-11
7370043,2027-11
7560035,2027-11
6260118,2027-12
6260119,2027-12
7570035,2027-12
6660188,2027-13
7560077,2027-13
7570077,2027-13
7360046,2027-19
7370046,2027-19
44002,2026-35
5110013,2026-35
5110014VN,2026-35
5110015VN,2026-35
5110018VN,2026-35
5110019VN,2026-35
5170006.AVN,2026-35
6200109,2026-35
6200110,2026-35
6200221,2026-35
6200222,2026-35
6200258,2026-35
7310095,2026-35
7310108,2026-35
7320108,2026-35
7380029,2026-35
7390029,2026-35
7500148,2026-35
7510148,2026-35
7520148,2026-35
7510179,2026-35
7500179,2026-35
7520179,2026-35
7700011,2026-35
7710011,2026-35
7770015,2026-35
6210178,2026-36
6200224,2026-36
6600198,2026-36
7300097,2026-36
7500103,2026-36
7520197,2026-36
7560083,2026-36
7720011,2026-36
7700017,2026-36
6200111,2026-37
6200178,2026-37
6220178,2026-37
6200179,2026-37
6200223,2026-37
6200227,2026-37
6200259,2026-37
6210246,2026-37
6260096,2026-37
6660165,2026-37
7320097,2026-37
7310097,2026-37
7510103,2026-37
7520103,2026-37
7500198,2026-37
7510198,2026-37
7520198,2026-37
7570083,2026-37
7710017,2026-37
5190003VN,2026-38
5190002VN,2026-38
6210179,2026-38
6200213,2026-38
6200225,2026-38
6200260,2026-38
6220246,2026-38
6600232,2026-38
6600277,2026-38
6600294,2026-38
6600304,2026-38
6600311,2026-38
6600322,2026-38
6680033,2026-38
6680035,2026-38
6680045,2026-38
7300124,2026-38
7310124,2026-38
7320124,2026-38
7500146,2026-38
7510146,2026-38
7520146,2026-38
7540008,2026-38
7550008,2026-38
7570076,2026-38
7560076,2026-38
7560082,2026-38
7570082,2026-38
7720017,2026-38
5110014.A,2026-39
6220179,2026-39
6200200,2026-39
6200212,2026-39
6200237,2026-39
6240007,2026-39
6600231,2026-39
6600334,2026-39
6600339,2026-39
7560089,2026-39
7570089,2026-39
7710018,2026-39
7720018,2026-39
7700018,2026-39
54274,2026-40
6200244,2026-40
6500003,2026-40
6500004,2026-40
6600335,2026-40
6600340,2026-40
6600492,2026-40
852323,2026-40
6200238,2026-41
6260102,2026-41
6260103,2026-41
6600323,2026-41
7500221,2026-41
7510221,2026-41
7520221,2026-41
6240006,2026-42
6260104,2026-42
6600042,2026-42
6660077,2026-42
6680032,2026-42
7500224,2026-42
7510224,2026-42
7520224,2026-42
7560072,2026-42
7570072,2026-42
7760012,2026-42
7770012,2026-42
56250,2026-43
6200239,2026-43
6200240,2026-43
6200247,2026-43
6600187,2026-43
6600295,2026-43
7360037,2026-43
7370037,2026-43
7500163,2026-43
7510163,2026-43
7520163,2026-43
7500211,2026-43
7510211,2026-43
7520211,2026-43
7560095,2026-43
7570095,2026-43
7560096,2026-43
7570096,2026-43
7700024,2026-43
7710024,2026-43
5190002.A,2026-44
6600142,2026-44
6600201,2026-44
6600228,2026-44
6600301,2026-44
7320092,2026-44
7300092,2026-44
7310092,2026-44
7760014,2026-44
46400,2026-45
54334,2026-45
56244,2026-45
6600293,2026-45
6600302,2026-45
6600308,2026-45
6640008,2026-45
6660015,2026-45
7500177,2026-45
7510177,2026-45
7520177,2026-45
7560064,2026-45
7570064,2026-45
7760013,2026-45
56247,2026-46
6260105,2026-46
6600327,2026-46
6600347,2026-46
7560037,2026-46
7570037,2026-46
76608,2026-46
6260106,2026-47
6260110,2026-47
6600328,2026-47
6600349,2026-47
6600358,2026-47
7510170,2026-47
7500170,2026-47
7520170,2026-47
7500181,2026-47
7510181,2026-47
7500206,2026-47
7510206,2026-47
7520206,2026-47
77030,2026-47
6200324,2026-48
6600282,2026-48
6600309,2026-48
6600310,2026-48
6600345,2026-48
6600351,2026-48
6660177,2026-48
7500122,2026-48
7510122,2026-48
7510156,2026-48
7520156,2026-48
7500156,2026-48
7500168,2026-48
7510168,2026-48
7500173,2026-48
7520173,2026-48
7510173,2026-48
7500207,2026-48
7510207,2026-48
7520207,2026-48
76609,2026-48
6260107,2026-49
6260108,2026-49
6260111,2026-49
6260112,2026-49
6600256,2026-49
6600346,2026-49
6600353,2026-49
6600354,2026-49
6660178,2026-49
7300022,2026-49
7310022,2026-49
7300093,2026-49
7310093,2026-49
7320093,2026-49
7360038,2026-49
7370038,2026-49
74812,2026-49
7500135,2026-49
7510135,2026-49
7510222,2026-49
7520222,2026-49
7500222,2026-49
7560088,2026-49
7570088,2026-49
7700016,2026-49
7710016,2026-49
7720016,2026-49
77031,2026-49
6260109,2026-50
6600227,2026-50
6600357,2026-50
6660175,2026-50
6660176,2026-50
7300149,2026-50
7310149,2026-50
7320149,2026-50
6260114,2026-51
6600230,2026-51
6600299,2026-51
6600359,2026-51
6600363,2026-51
6660174,2026-51
6660183,2026-51
74813,2026-51
7500226,2026-51
7510226,2026-51
7520226,2026-51
7500227,2026-51
7510227,2026-51
6260115,2026-52
6600288,2026-52
6660179,2026-52
6660180,2026-52
7300100,2026-52
7310100,2026-52
74814,2026-52
7500200,2026-52
7510200,2026-52
7520200,2026-52
7520227,2026-52
7560091,2026-52
7570091,2026-52
